no.of Neurons,Accuracy(%)
10,95.000000
11,95.000000
12,95.000000
13,95.000000
14,95.000000
15,95.000000
16,95.000000
17,95.000000
18,95.000000
19,95.000000
20,95.000000
